"Indicator type","Indicator","Description""FileHash-MD5","0c34a0d2a452c33a79d22902ff77acd7","MD5 of 4ead7bd257b6dc62ade5cf4146ce3a1859678a10c4652b16f432894eeb334efa"
"FileHash-SHA1","52a06a518ed8a67670b0646912b5e26a2a79276e","SHA1 of 4ead7bd257b6dc62ade5cf4146ce3a1859678a10c4652b16f432894eeb334efa"
"FileHash-SHA256","4ead7bd257b6dc62ade5cf4146ce3a1859678a10c4652b16f432894eeb334efa",""
"FileHash-MD5","01b9eb3a51427958c2cf3af382f576d0","MD5 of ff5f3fc9d2697c9fb6db3a7450e76f9eef808a3af74f864a65bff0e44891cc65"
"FileHash-MD5","255bc79fc080d072cbf9e6185005e4b5","MD5 of f217f31cbad4511ec25f55f06fdef7ba9e462c8ccabfcbb369f4d1517908a58d"
"FileHash-MD5","57c8edb95df3f0ad4ee2dc2b8cfd4157",""
"FileHash-MD5","77ec63bda74bd0d0e0426dc8f8008506",""
"FileHash-MD5","936335d1d48c27ac8f269447333717c1","MD5 of f833a24e4b3e907101b1a0738b07dda7f6ab40c7547c32f5dfcfb475d6099294"
"FileHash-MD5","b2dbf3ae4ae6dd826b748802a7ed5b21","MD5 of e50a931c4624c8c642f0cea24c683245d5fd215c2f83dfe0e0a975bec8c7471b"
"FileHash-SHA1","59fdb8de39fd3244fef5f9f3636a268e2bc62920","SHA1 of f217f31cbad4511ec25f55f06fdef7ba9e462c8ccabfcbb369f4d1517908a58d"
"FileHash-SHA1","c105bda0f6ac2d4de649bdbb735c5deacbd1cad1","SHA1 of ff5f3fc9d2697c9fb6db3a7450e76f9eef808a3af74f864a65bff0e44891cc65"
"FileHash-SHA1","fbfe8a0b1fde31ea6968f365f03fdbcb043de5a4","SHA1 of f833a24e4b3e907101b1a0738b07dda7f6ab40c7547c32f5dfcfb475d6099294"
"FileHash-SHA1","fe47ad2251d20661545f0ce1c80f490e0119784b","SHA1 of e50a931c4624c8c642f0cea24c683245d5fd215c2f83dfe0e0a975bec8c7471b"
"FileHash-SHA256","e50a931c4624c8c642f0cea24c683245d5fd215c2f83dfe0e0a975bec8c7471b",""
"FileHash-SHA256","f217f31cbad4511ec25f55f06fdef7ba9e462c8ccabfcbb369f4d1517908a58d",""
"FileHash-SHA256","f833a24e4b3e907101b1a0738b07dda7f6ab40c7547c32f5dfcfb475d6099294",""
"FileHash-SHA256","ff5f3fc9d2697c9fb6db3a7450e76f9eef808a3af74f864a65bff0e44891cc65",""
"URL","https://tinyurl4.ru/c316093060/",""
"URL","https://7nc5dlvy2553c3uc46foi4xjinvybou2.c2gtb7i.1.0.ukhwibi7qimje53kbrnuugefiq.ivwssta.dns0.org",""
"URL","http://7nc5dlvy2553c3uc46foi4xjinvybou2.c2gtb7i.1.0.ukhwibi7qimje53kbrnuugefiq.ivwssta.dns0.org",""
